id,regulator,title,date,url,file,domain,status
1,SEBI,"SEBI (Prohibition of Insider Trading) Regulations 2015","2015-01-15","https://www.sebi.gov.in/legal/regulations/jan-2015/sebi-prohibition-of-insider-trading-regulations-2015_28884.html","sebi_pit_regulations_2015.pdf","insider_trading","current"
2,SEBI,"SEBI (Prohibition of Fraudulent and Unfair Trade Practices relating to Securities Market) Regulations 2003","2003-07-17","https://www.sebi.gov.in/legal/regulations/jul-2003/sebi-prohibition-of-fraudulent-and-unfair-trade-practices_18049.html","sebi_pfutp_regulations_2003.pdf","fraud_and_market_abuse","current"
3,SEBI,"SEBI (Investment Advisers) Regulations 2013","2013-01-21","https://www.sebi.gov.in/legal/regulations/jan-2013/sebi-investment-advisers-regulations-2013_24237.html","sebi_investment_advisers_2013.pdf","advisory_compliance","current"
4,SEBI,"SEBI (Research Analysts) Regulations 2014","2014-09-01","https://www.sebi.gov.in/legal/regulations/sep-2014/sebi-research-analysts-regulations-2014_27914.html","sebi_research_analysts_2014.pdf","research_disclosures","current"
5,SEBI,"SEBI Master Circular for Know Your Client (KYC) Norms","2023-10-12","https://www.sebi.gov.in/legal/master-circulars/oct-2023/master-circular-on-kyc-norms_77934.html","sebi_master_circular_kyc_2023.pdf","aml_and_kyc","current"
6,SEBI,"SEBI (Intermediaries) Regulations 2008 Code of Conduct","2008-05-26","https://www.sebi.gov.in/legal/regulations/may-2008/sebi-intermediaries-regulations-2008_13886.html","sebi_intermediaries_regulations_2008.pdf","intermediary_conduct","current"
7,SEBI,"SEBI Master Circular on Surveillance of Securities Market","2024-03-22","https://www.sebi.gov.in/legal/master-circulars/mar-2024/master-circular-surveillance_82410.html","sebi_surveillance_market_manipulation.pdf","market_manipulation","current"
8,SEBI,"SEBI Guidelines on Algorithmic and High Frequency Trading Controls","2021-12-09","https://www.sebi.gov.in/legal/circulars/dec-2021/algo-trading-framework_54521.html","sebi_algo_trading_controls.pdf","algo_trading_and_systems","current"
9,SEBI,"SEBI (Listing Obligations and Disclosure Requirements) Regulations 2015 Material Disclosures","2015-09-02","https://www.sebi.gov.in/legal/regulations/sep-2015/sebi-lodr-regulations-2015_30617.html","sebi_lodr_material_events.pdf","disclosure_compliance","current"
10,SEBI,"SEBI Master Circular on Investor Grievance Redressal Mechanism & SCORES","2023-11-07","https://www.sebi.gov.in/legal/master-circulars/nov-2023/master-circular-grievance-redressal_78891.html","sebi_scores_investor_grievance.pdf","investor_protection","current"
