category_id,category_name,definition,source_rule_ids
C01,Insider Trading & UPSI Handling,"Unlawful communication, procurement, or trading while in possession of Unpublished Price Sensitive Information (UPSI), and non-compliance with statutory trading plans or insider disclosures under SEBI (PIT) Regulations.",SEBI_PIT_001;SEBI_PIT_002;SEBI_PIT_003;SEBI_PIT_004;SEBI_PIT_005;SEBI_KYC_004
C02,Fraudulent & Unfair Trade Practices (PFUTP) / Market Manipulation,"Deceptive schemes, circular trading, wash trades, price rigging, artificial volume fabrication, pump-and-dump campaigns, front-running, and spoofing/layering in order books under SEBI (PFUTP) Regulations.",SEBI_PFUTP_001;SEBI_PFUTP_002;SEBI_PFUTP_003;SEBI_PFUTP_004;SEBI_PFUTP_005;SEBI_INT_001;SEBI_INT_003;SEBI_SURV_001;SEBI_SURV_003;SEBI_LODR_001;SEBI_LODR_003
C03,Investment Advisory & Finfluencer Violations,"Operating as an unregistered investment adviser, offering guaranteed/assured returns, engaging in profit-sharing arrangements, failing suitability/risk profiling, or taking illicit commissions under SEBI (IA) Regulations.",SEBI_IA_001;SEBI_IA_003
C04,Research Analyst Misconduct & Conflict of Interest,"Publishing research recommendations without SEBI registration, front-running own research calls (scalping), failing mandatory disclosure of personal/banking conflicts of interest, or failing audit record retention under SEBI (RA) Regulations.",SEBI_RA_001;SEBI_RA_002;SEBI_RA_003;SEBI_RA_004
C05,AML / CFT & Know Your Client (KYC) Non-Compliance,"Operating fictitious/benami/anonymous accounts, evading Customer Due Diligence (CDD/EDD), failure to report suspicious transactions (STR) to FIU-IND, or tipping off clients under PMLA and SEBI KYC Master Circular.",SEBI_IA_002;SEBI_IA_004;SEBI_IA_005;SEBI_KYC_001;SEBI_KYC_002;SEBI_KYC_003;SEBI_SURV_002;SEBI_ALGO_002;SEBI_ALGO_003;SEBI_GRIEV_003
C06,Intermediary Conduct & Client Protection,"Breach of fiduciary integrity, leaking client orders, failure to maintain Chinese Walls between dealing and proprietary desks, or portfolio churning to extract excessive brokerage fees under SEBI Intermediaries Code.",SEBI_INT_002;SEBI_INT_004
C07,Algorithmic & High-Frequency Trading Safeguards,"Deploying unapproved algorithmic trading strategies, bypassing pre-trade risk controls (order limits, price bands, kill-switch), or providing unvetted automated bot APIs to retail investors without compliance checks.",SEBI_ALGO_001
C08,Corporate Disclosure & Material Event Timelines,"Withholding or delaying material price-sensitive corporate announcements, violating 30-minute/12-hour LODR filing timelines, or failing to verify/clarify circulating market rumors under SEBI (LODR) Regulations.",SEBI_LODR_002
C09,Investor Grievance Redressal & SCORES Compliance,"Failure to address investor complaints within statutory 21 calendar days on SCORES 2.0, non-compliance with ODR arbitration frameworks, or actions leading to demat account freeze under SEBI Act.",SEBI_GRIEV_001;SEBI_GRIEV_002
